Device abbr,atr_use,rhic_use,slot,ags_use,booster_use,linac_use,ebis_use,other,Description,Notes,New Device,EIC Lattice Keyword
1int,0,1,1,0,0,0,0,0,interconnect # 1,,FALSE,
2int,0,1,1,0,0,0,0,0,interconnect # 2,,FALSE,
2qh,0,0,0,0,1,0,0,0,horiz half-integer stopband quad string,,FALSE,
2qv,0,0,0,0,1,0,0,0,vert half-integer stopband quad string,,FALSE,
3int,0,1,1,0,0,0,0,0,interconnect # 3,,FALSE,
3sxh,0,0,0,0,1,0,0,0,horiz 3rd-integer stopband sextipole string,,FALSE,
3sxsh,0,0,0,0,1,0,0,0,horiz 3rd-integer stopband sqew sextipole string,,FALSE,
3sxsv,0,0,0,0,1,0,0,0,vert 3rd-integer stopband sqew sextipole string,,FALSE,
3sxv,0,0,0,0,1,0,0,0,vert 3rd-integer stopband sextipole string,,FALSE,
4int,0,1,1,0,0,0,0,0,interconnect # 4,,FALSE,
5int,0,1,1,0,0,0,0,0,interconnect # 5,,FALSE,
6int,0,1,1,0,0,0,0,0,interconnect # 6,,FALSE,
7int,0,1,1,0,0,0,0,0,interconnect # 7,,FALSE,
8int,0,1,1,0,0,0,0,0,interconnect # 8,,FALSE,
9sxh,0,0,0,0,1,0,0,0,horiz 9th-integer stopband sextipole string,,FALSE,
9sxsv,0,0,0,0,1,0,0,0,vert 9th-integer stopband sqew sextipole string,,FALSE,
9sxv,0,0,0,0,1,0,0,0,vert 9th-integer stopband sextipole string,,FALSE,
as,0,1,0,0,0,0,0,0,PASS oxygen sensor,,FALSE,
av,1,1,0,0,0,0,0,0,PASS air intake,,FALSE,
b,1,1,0,0,0,0,0,0,beam position monitor (both planes),,FALSE,BPM
bb,0,1,0,0,0,0,0,0,button beam position monitor (dual plane),,FALSE,
bblr,0,1,0,0,0,0,0,0,moveable wire for Wolfram's long range beam-beam compensation experiment,,FALSE,
bcb,1,0,0,0,0,0,0,0,big coil bottom (atr dipoles),,FALSE,
bct,1,0,0,0,0,0,0,0,big coil top (atr dipoles),,FALSE,
bd,0,1,0,0,0,0,0,0,vacuum burst diaphragm,,FALSE,
bh,1,1,0,0,0,0,0,0,horizontal beam position monitor,,FALSE,HMONITOR
bht,0,1,0,0,0,0,0,0,beam headtail monitor with skew striplines (45 degrees to usual orientation),,FALSE,
blw,0,0,0,1,0,0,0,0,backleg winding,,FALSE,
bqm,0,1,0,0,0,0,0,0,beam quadrupole moment monitor (variation on a bpm) stripline pickup,,FALSE,
bs,0,0,0,0,0,0,0,0,beam stop,,FALSE,
btun,0,1,0,0,0,0,0,0,resonant tune monitor (variation on a bpm),,FALSE,
bv,1,1,0,0,0,0,0,0,vertical beam position monitor,,FALSE,VMONITOR
c,1,1,0,0,0,0,0,0,collimator,,FALSE,
cav,0,0,0,0,0,0,0,0,RF cavity,,FALSE,RFCAVITY
cava,0,1,0,0,0,0,0,0,accelerating RF cavity,,FALSE,
cavb,0,1,0,0,0,1,1,0,"Bouncer cavity in RHIC, otherwise a Buncher cavity",,FALSE,
cavl,0,1,0,0,0,0,0,0,Landau cavity.  This is a modified 197MHz storage cavity.,,FALSE,
cavn,0,1,0,0,0,0,0,0,accelerating 9MHz RF cavities,,FALSE,
cavs,0,1,0,0,0,0,0,0,stroage RF cavity,,FALSE,
cb,1,1,0,0,0,0,0,0,PASS crash box,,FALSE,
cc,1,1,0,0,0,0,0,0,cold cathode gauge,,FALSE,CATHODE
ch,0,1,0,0,0,0,0,0,horizontal collimator,,FALSE,
chop,0,0,0,0,0,0,0,0,Chopper for EBIS,,FALSE,
chromh,0,0,0,0,1,0,0,0,horiz chromaticity sextipole string,,FALSE,
chromv,0,0,0,0,1,0,0,0,vert chromaticity sextipole string,,FALSE,
cm,0,0,0,0,0,0,0,0,combined multipole magnet,,FALSE,MULTIPOLE
cmn,0,1,0,0,0,0,0,0,"combined multipole magnet (normal, b_n type)",,FALSE,
cms,0,1,0,0,0,0,0,0,"combined multipole magnet (skew, a_n type)",,FALSE,
co,1,1,0,0,0,0,0,0,crash operator,,FALSE,
col,0,0,0,0,0,0,0,0,collector for EBIS,,FALSE,
cp,0,1,0,0,0,0,0,0,cryogenic vacuum pump,,FALSE,
cpu,0,1,0,0,0,0,0,0,beam cooling pickup,,FALSE,
cpuh,0,1,0,0,0,0,0,0,stochastic cooling pickup for horizontal plane,,FALSE,
cpul,0,1,0,0,0,0,0,0,stochastic cooling pickup for longitudinal plane,,FALSE,
cpuv,0,1,0,0,0,0,0,0,stochastic cooling pickup for vertical plane,,FALSE,
cq,0,1,1,0,0,0,0,0,quadrupole package with no sextupole,,FALSE,
cqb,0,1,1,0,0,0,0,0,"a cqs slot with no sextupole, but of the normal length",,FALSE,
cqs,0,1,1,0,0,0,0,0,cqs corrector package,,FALSE,
cqt,0,1,1,0,0,0,0,0,cqt corrector package,,FALSE,
crs,0,0,1,0,0,0,0,0,crs corrector package,,FALSE,
crt,0,0,1,0,0,0,0,0,crt corrector package,,FALSE,
cs,1,1,0,0,0,0,0,0,PASS sweep check station,,FALSE,
cv,0,1,0,0,0,0,0,0,vertical collimator,,FALSE,
d,0,1,1,0,0,0,0,0,"dipole slot in RHIC, but a horizontal dipole magnet in the ATR",,FALSE,DIPOLE
d,1,0,0,0,0,0,0,0,"dipole slot in RHIC, but a horizontal dipole magnet in the ATR",,FALSE,DIPOLE
dac,0,1,0,0,0,0,0,0,ac dipole,,FALSE,
damp,0,0,0,0,0,0,0,0,RF damper,,FALSE,
dampl,0,1,0,0,0,0,0,0,longitudinal RF damper,,FALSE,
dampt,0,1,0,0,0,0,0,0,dual plane transverse rf damper kicker,,FALSE,
dec,0,1,0,0,0,0,0,0,decapole,,FALSE,
decs,0,1,0,0,0,0,0,0,skew decapole,,FALSE,
defl,0,0,0,0,0,0,0,0,deflector for EBIS,,FALSE,
dh,0,1,0,0,0,0,0,0,horizontal bending dipole,,FALSE,
dmp,1,0,0,0,0,0,0,0,beam dump,,FALSE,
dmpth,0,1,0,0,0,0,0,0,horizontal damper stripline used as a kicker,,FALSE,
dmptv,0,1,0,0,0,0,0,0,vertical damper stripline used as a kicker,,FALSE,
dod,0,1,0,0,0,0,0,0,dodecapole (IR region),,FALSE,
dods,0,1,0,0,0,0,0,0,skew dodecapole (IR region),,FALSE,
dt,0,0,0,0,0,0,0,0,drift tube,,FALSE,DRIFT
dtl,0,0,0,0,0,1,1,0,Drift tube linac,,FALSE,EDRIFT
du,0,1,1,0,0,0,0,0,dummy slot,,FALSE,
dump,0,0,0,1,1,0,0,0,dump-bump backleg windings on main magnets,,FALSE,
dv,0,0,0,0,0,0,0,0,vertical bending dipole,,FALSE,
dxsplit,0,1,0,0,0,0,0,0,vacuum transition chamber from dx magnet to two beam lines,,FALSE,
ed,0,1,0,0,0,0,0,0,security gate for exit only,,FALSE,
ef,1,1,0,0,0,0,0,0,PASS tunnel exhaust fan,,FALSE,
el,0,1,0,0,0,0,0,0,alcove security escape hatch with ladder,,FALSE,
eld,0,1,0,0,0,0,0,0,electron detector for RHIC (with regard to electron cloud other vacuum problems),,FALSE,
epm,1,0,0,0,0,0,0,0,"external profile monitor (like an ipm, in an external beam line",,FALSE,
evt,1,1,0,0,0,0,0,0,event link (for FEC names),,FALSE,
ezl,0,0,0,0,0,0,0,0,einzel lens,,FALSE,
f,1,0,0,0,0,0,0,0,flag monitor,,FALSE,
fc,0,0,0,0,0,0,1,0,Faraday cup,,FALSE,
ffc,0,0,0,0,0,0,1,1,Fast Faraday Cup,,FALSE,
foil,1,0,0,0,0,0,0,0,stripping foil,,FALSE,
fp,0,0,0,0,0,1,0,0,Fore pump,,FALSE,
fv,1,0,0,0,0,0,0,0,fast valve,,FALSE,
fvs,1,0,0,0,0,0,0,0,fast valve sensor,,FALSE,
fw,0,1,0,0,0,0,0,0,flying wire,,FALSE,
gb,1,1,0,0,0,0,0,0,PASS gate box,,FALSE,
ge,1,1,0,0,0,0,0,0,entrance gate,,FALSE,
gi,1,1,0,0,0,0,0,0,internal gate,,FALSE,
grl,0,0,0,0,0,0,0,0,Gridded lens for the EBIS,,FALSE,
gs,1,1,0,0,0,0,0,0,sectional gate,,FALSE,
gun,0,0,0,0,0,0,0,0,gun (electron) for EBIS,,FALSE,
hlx,0,1,0,0,0,0,0,0,helical magnet,,FALSE,
hxd,0,0,0,0,0,0,0,0,16-pole electrostatic lens thingy for EBIS,,FALSE,
ic,0,0,0,0,1,0,0,0,ion chamber,,FALSE,
ig,0,0,0,1,1,0,0,0,ion gauge for vacuum,,FALSE,
inst,1,1,1,0,0,0,0,0,instrumentation slot,,FALSE,Instrument
int,0,1,1,0,0,0,0,0,generic interconnect slot,,FALSE,
ip,1,1,0,0,0,0,0,0,ion pump,,FALSE,
ipm,1,1,0,0,0,0,0,0,Ionization profile monitor,,FALSE,
jb,1,0,0,0,0,0,0,0,junction box,,FALSE,
ka,0,1,0,0,0,0,0,0,dipole kicker abort,,FALSE,
ke,1,0,0,1,1,0,0,0,extraction kicker,,FALSE,
kfbh,0,1,0,0,0,0,0,0,~10Hz orbit steering corrector in horizontal plane,,FALSE,
kfbh-bc,0,1,0,0,0,0,0,0,field compensation winding for stray field from 10Hz corrector in the blue ring (BY- cross talk),,FALSE,
kfbh-bs,0,1,0,0,0,0,0,0,stray field from 10Hz corrector in the adjacent blue ring (BY- cross talk),,FALSE,
kfbh-yc,0,1,0,0,0,0,0,0,field compensation winding for stray field from 10Hz corrector in the yellow ring (BY- cross talk),,FALSE,
kfbh-ys,0,1,0,0,0,0,0,0,stray field from 10Hz corrector in the adjacent yellow ring (BY- cross talk),,FALSE,
kfbv,0,1,0,0,0,0,0,0,~10Hz orbit steering corrector in vertical plane,,FALSE,
kgc,0,1,0,0,0,0,0,0,stripline kicker for gap cleaning,,FALSE,
ki,0,1,0,0,0,0,0,0,dipole kicker injection,,FALSE,
kql,0,1,0,0,0,0,0,0,stripline kicker for the tune loop,,FALSE,
kqm,0,1,0,0,0,0,0,0,stripline kicker for driving quadrupole moment,,FALSE,KQUAD
ks,0,1,1,0,0,0,0,0,slot for kicker magnet,,FALSE,
ksc,0,1,0,0,0,0,0,0,kicker for stochastic cooling,,FALSE,
ksch,0,1,0,0,0,0,0,0,horizontal Schottky kicker for stochastic cooling,,FALSE,
kscl,0,1,0,0,0,0,0,0,longitudinal Schottky kicker for stochastic cooling,,FALSE,
kscv,0,1,0,0,0,0,0,0,vertical Schottky kicker for stochastic cooling,,FALSE,
ktun,0,1,0,0,0,0,0,0,stripline kicker for tune meter (tune loop),,FALSE,
lamb,1,1,0,0,0,0,0,0,lambertson,,FALSE,
lm,1,1,0,0,0,0,0,0,beam loss monitor,,FALSE,
lum,0,1,0,0,0,0,0,0,luminescence monitor,,FALSE,
mark,1,1,0,0,0,0,0,0,marker,,FALSE,MARKER
md,0,1,0,0,0,0,0,0,monitored security door with no normal exit or entrance function (may include trench covers),,FALSE,
mir,0,0,0,0,0,0,0,0,mirror lens (presumably electrostatic),,FALSE,
mw,0,0,0,1,0,1,0,1,Multiwire/harp,,FALSE,
oct,0,1,0,0,0,0,0,0,octupole,,FALSE,
octd,0,1,0,0,0,0,0,0,"octupole buss name, defocusing polarity",,FALSE,
octf,0,1,0,0,0,0,0,0,"octupole buss name, focusing polariy",,FALSE,
octs,0,1,0,0,0,0,0,0,skew octupole,,FALSE,
p,1,0,0,0,0,0,0,0,verical pitching magnet in ATR,,FALSE,
pc,0,1,0,0,0,0,0,0,cold bore port,,FALSE,
pd,0,1,0,0,0,0,0,0,pin diode,,FALSE,
per,1,1,0,0,0,0,0,0,permit link (for FEC names),,FALSE,
pi,0,1,0,0,0,0,0,0,insulating vacuum port,,FALSE,
piv,0,0,0,0,0,0,1,0,pump isolation valve,,FALSE,
pjet,0,1,0,0,0,0,0,0,Polarized hydrogen jet polarimeter,,FALSE,
plat,0,0,0,0,0,0,0,0,HV platform,,FALSE,
pol,0,1,0,0,0,0,0,0,polarimeter,,FALSE,
ppa,0,1,0,0,0,0,0,0,partial pressure analyzer,,FALSE,
ppot,0,0,0,0,0,0,1,0,Pepper pot monitor,,FALSE,
pra,0,1,0,0,0,0,0,0,accelerating cavity port,,FALSE,
prs,0,1,0,0,0,0,0,0,storage cavity port,,FALSE,
ps,1,1,0,0,0,0,0,0,power supply (for FEC naming),,FALSE,
pw,0,1,0,0,0,0,0,0,warm bore port,,FALSE,
pwdmp,0,1,0,0,0,0,0,0,warm vacuum port at a beam dump,,FALSE,
pwka,0,1,0,0,0,0,0,0,warm vacuum port at an abort kicker section,,FALSE,
pwki,0,1,0,0,0,0,0,0,warm vacuum port at an injection kicker section,,FALSE,
pxc,0,0,0,0,1,0,0,0,pixel chamber,,FALSE,
q,1,1,0,0,0,0,0,0,quadrupole,,FALSE,QUADRUPOLE
qac,0,1,0,0,0,0,0,0,AC quadrupole for tune modulation,,FALSE,
qd,0,1,0,0,0,0,0,0,defocusing quadrupole (horizontal plane),,FALSE,
qdr,0,0,0,0,0,0,0,0,quadrupole lens inside a drift tube (linac),,FALSE,
qf,0,1,0,0,0,0,0,0,focusing quadrupole (horizontal plane),,FALSE,
qfjmp,0,0,0,1,0,0,0,0,tune jump quads for jumping horiz polarization resonances,,FALSE,
qgt,0,1,0,0,0,0,0,0,gamma t quadrupole,,FALSE,
qs,0,1,0,0,0,0,0,0,skew quadrupole,,FALSE,SKEW QUADRUPOLE
qtrimh,0,0,0,0,1,0,0,0,combined with main ps to adjust horiz tune quads,,FALSE,
qtrimv,0,0,0,0,1,0,0,0,combined with main ps to adjust vert tune quads,,FALSE,
rf,0,1,1,0,0,0,0,0,Radio Frequency equipment slot,,FALSE,
rfq,0,0,0,0,0,1,1,0,radio frequency quadrupole,,FALSE,
rot,0,1,1,0,0,0,0,0,spin rotator composed of four helical magnets,,FALSE,
rp,0,1,0,0,0,0,0,0,Roman pot,,FALSE,
rtdl,1,1,0,0,0,0,0,0,real time data link (for FEC names),,FALSE,
rv,1,0,0,0,0,0,0,0,roughing valve,,FALSE,
sc,0,0,0,0,1,0,0,0,scintillation chamber,,FALSE,
scb,1,0,0,0,0,0,0,0,small coil bottom (atr dipoles),,FALSE,
sct,1,0,0,0,0,0,0,0,small coil top (atr dipoles),,FALSE,
sl,0,1,0,0,0,0,0,0,strip line (fixed use not specified),,FALSE,
slot,0,1,1,0,0,0,0,0,Generic slot,,FALSE,
snk,0,1,1,0,0,0,0,0,snake composed of 4 helical magnets,,FALSE,
sol,0,1,0,0,0,0,0,0,solenoid,,FALSE,SOLENOID
sptm,0,0,0,0,1,0,0,0,septum magnet for injection or extraction,,FALSE,
spu,0,1,0,0,0,0,0,0,Schottky cavity pickup,,FALSE,
spuh,0,1,0,0,0,0,0,0,horizontal Schottky cavity pickup,,FALSE,
spul,0,1,0,0,0,0,0,0,longitudinal Schottky cavity pickup,,FALSE,
spuv,0,1,0,0,0,0,0,0,vertical Schottky cavity pickup,,FALSE,
src,0,0,0,0,0,0,0,0,ion source for EBIS,,FALSE,
sv,1,1,0,0,0,0,0,0,sector valve (gate valve),,FALSE,
swic,1,0,0,0,0,0,0,0,secondary wire ionization chamber,,FALSE,
swm,1,0,0,0,0,0,0,0,switching magnet (between X and Y lines of ATR),,FALSE,
sx,0,0,0,0,0,0,0,0,sextupole,,FALSE,SEXTUPOLE
sxd,0,1,0,0,0,0,0,0,"sextupole, defocusing polarity",,FALSE,
sxf,0,1,0,0,0,0,0,0,"sextupole, focusing polarity",,FALSE,
sxr,0,0,0,0,1,0,0,0,resonantly driven sextipole string,,FALSE,
sxs,0,1,0,0,0,0,0,0,skew sextupole,,FALSE,SKEW SEXTUPOLE
t,0,0,0,0,0,0,0,0,closed orbit corrector (both planes),,FALSE,
tb,1,0,0,0,0,0,0,0,terminal block,,FALSE,
tc,1,1,0,0,0,0,0,0,thermocouple gauge,,FALSE,
tgt,1,1,0,0,0,0,0,0,target (as in the g-2 pion production target),,FALSE,
th,1,1,0,0,0,0,0,0,horizontal closed orbit corrector,,FALSE,HKICKER
tmp,0,1,0,0,0,0,0,0,turbo molecular pump station,,FALSE,
tor,0,1,0,0,0,0,0,0,toroidal dipole magnet for polarimeter,,FALSE,
tq,0,1,0,0,0,0,0,0,trim quadrupole,,FALSE,
triplet,0,1,1,0,0,0,0,0,cryostat for D0's and triplet quadrupoles,,FALSE,
trp,0,1,1,0,0,0,0,0,trp corrector package,,FALSE,
tsp,0,1,0,0,0,0,0,0,titanium sublimation pump,,FALSE,
ttapb,1,0,0,0,0,0,0,0,thermal tap bottom (atr dipoles),,FALSE,
ttapt,1,0,0,0,0,0,0,0,thermal tap top (atr dipoles),,FALSE,
tv,1,1,0,0,0,0,0,0,vertical closed orbit corrector,,FALSE,VKICKER
twh,0,1,0,0,0,0,0,0,travelling wave cavity pickup for horizontal motion,,FALSE,
twv,0,1,0,0,0,0,0,0,travelling wave cavity pickup for vertical motion,,FALSE,
vv,0,0,0,0,0,0,0,0,vent valve,,FALSE,
wcm,0,1,0,0,0,0,0,0,wall current monitor,,FALSE,
wfb,0,0,0,0,0,0,0,0,Wien filter magnetic field,,FALSE,WIEN
wfe,0,0,0,0,0,0,0,0,Wien filter electric field plates,,FALSE,WIEN ELEC
wtc,0,1,0,0,0,0,0,0,warm to cold transition region,,FALSE,
xf,1,1,0,0,0,0,0,0,transformer,,FALSE,
xs,1,1,0,0,0,0,0,0,explosive gas sensor,,FALSE,
z,0,1,0,0,0,0,0,0,PASS sweep zone,,FALSE,
zcal,0,1,0,0,0,0,0,0,Zero degree calorimeter detector for luminosity monitoring,,FALSE,
td,,,,,,,,,"new, trim dipole",,TRUE,TRIM DIPOLE
Eslk,,,,,,,,,esr inject stripline kicker,,TRUE,
Hslk,,,,,,,,,,,,
